Workbook

Sheet laptopData
A1: Company | B1: TypeName | C1: Inches | D1: Reslution | E1: Cpu | F1: Ram_GB | G1: Storage_GB | H1: Total_Storage_GB | I1: Storage_Type | J1: Gpu | K1: OpSys | L1: Weight_kg.1 | M1: Price | N1: Storage Group
A2: Lenovo | B2: Ultrabook | C2: 14 | D2: 1920x1080 | E2: Intel Core i7 6600U 2.6GHz | F2: 12 | G2: 256 GB | H2: 256 | I2: SSD | J2: Intel HD Graphics 520 | K2: Windows 10 | L2: 8.4 | M2: 89138 | N2: Low
A3: Acer | B3: Notebook | C3: 15.6 | D3: 768x1366 | E3: Intel Core i5 7200U 2.5GHz | F3: 6 | G3: 1000 GB | H3: 1000 | I3: HDD | J3: Intel HD Graphics 620 | K3: Windows 10 | L3: 8.23 | M3: 29251 | N3: High
A4: Acer | B4: Notebook | C4: 15.6 | D4: 1920x1080 | E4: Intel Core i3 7130U 2.7GHz | F4: 4 | G4: 256 GB | H4: 256 | I4: SSD | J4: Nvidia GeForce MX130 | K4: Windows 10 | L4: 7.2 | M4: 30477 | N4: Low
A5: Lenovo | B5: Notebook | C5: 15.6 | D5: 768x1366 | E5: Intel Core i3 6006U 2GHz | F5: 8 | G5: 128 GB | H5: 128 | I5: SSD | J5: Intel HD Graphics 520 | K5: Windows 10 | L5: 7.2 | M5: 31382 | N5: Low
A6: Dell | B6: Notebook | C6: 15.6 | D6: 1920x1080 | E6: Intel Core i7 8550U 1.8GHz | F6: 8 | G6: 256 GB | H6: 256 | I6: SSD | J6: AMD Radeon 530 | K6: Windows 10 | L6: 6.2 | M6: 48965 | N6: Low
A7: Lenovo | B7: Notebook | C7: 17.3 | D7: 900x1600 | E7: Intel Core i5 7200U 2.5GHz | F7: 6 | G7: 1000 GB | H7: 1000 | I7: HDD | J7: Nvidia GeForce GTX 940M | K7: Windows 10 | L7: 5.8 | M7: 34579 | N7: High
A8: Toshiba | B8: Notebook | C8: 15.6 | D8: 768x1366 | E8: Intel Core i3 7100U 2.4GHz | F8: 4 | G8: 500 GB | H8: 500 | I8: HDD | J8: Intel HD Graphics 620 | K8: Windows 10 | L8: 5.4 | M8: 26054 | N8: Medium
A9: Asus | B9: Gaming | C9: 17.3 | D9: 1920x1080 | E9: Intel Core i7 7820HK 2.9GHz | F9: 32 | G9: 512+1000 GB | H9: 1512 | I9: SSD + HDD | J9: Nvidia GeForce GTX 1080 | K9: Windows 10 | L9: 4.7 | M9: 207260 | N9: Very High
A10: Lenovo | B10: Gaming | C10: 17.3 | D10: 1920x1080 | E10: Intel Core i7 6700HQ 2.6GHz | F10: 16 | G10: 128+1000 GB | H10: 1128 | I10: SSD + HDD | J10: Nvidia GeForce GTX 980M | K10: Windows 10 | L10: 4.6 | M10: 122011 | N10: Very High
A11: Lenovo | B11: Gaming | C11: 17.3 | D11: 1920x1080 | E11: Intel Core i7 6820HK 2.7GHz | F11: 16 | G11: 256+1000 GB | H11: 1256 | I11: SSD + Hybrid | J11: Nvidia GeForce GTX 980M | K11: Windows 10 | L11: 4.6 | M11: 146520 | N11: Very High
A12: Lenovo | B12: Gaming | C12: 17.3 | D12: 1920x1080 | E12: Intel Core i7 6820HK 2.7GHz | F12: 32 | G12: 256+1000 GB | H12: 1256 | I12: SSD + HDD | J12: Nvidia GeForce GTX 1070 | K12: Windows 10 | L12: 4.6 | M12: 141885 | N12: Very High
A13: Lenovo | B13: Gaming | C13: 17.3 | D13: 1920x1080 | E13: Intel Core i7 6820HK 2.7GHz | F13: 32 | G13: 512+1000 GB | H13: 1512 | I13: SSD + Hybrid | J13: Nvidia GeForce GTX 980M | K13: Windows 10 | L13: 4.6 | M13: 172628 | N13: Very High
... A1269: Lenovo | B1269: 2 in 1 Convertible | C1269: 10.1 | D1269: 1920x1200 | E1269: Intel Atom x5-Z8550 1.44GHz | F1269: 4 | G1269: 64 GB | H1269: 64 | I1269: Flash Storage | J1269: Intel HD Graphics 400 | K1269: Android | L1269: 0.69 | M1269: 29251 | N1269: Low

Sheet Sheet2
A2: Variable | B2: Mean | C2: Median | D2: Min | E2: Max | F2: Std Dev
A3: Price | B3: =AVERAGE(laptopData!M2:M1270) -> 59873.287 | C3: =MEDIAN(laptopData!M2:M1270) -> 52055 | D3: =MIN(laptopData!M2:M1270) -> 9271 | E3: =MAX(laptopData!M2:M1270) -> 324955 | F3: =_xlfn.STDEV.S(laptopData!M2:M1270) -> 37328.766
A4: Inches | B4: =AVERAGE(laptopData!C2:C1271) -> 15.132413 | C4: =MEDIAN(laptopData!C2:C1271) -> 15.6 | D4: =MIN(laptopData!C2:C1271) -> 10.1 | E4: =MAX(laptopData!C2:C1271) -> 35.6 | F4: =_xlfn.STDEV.S(laptopData!C2:C1271) -> 1.9564956 | H4: Row Labels | I4: Average of Price | K4: Row Labels | L4: Average of Price
A5: Ram_GB | B5: =AVERAGE(laptopData!F2:F1272) -> 8.4518927 | C5: =MEDIAN(laptopData!F2:F1272) -> 8 | D5: =MIN(laptopData!F2:F1272) -> 1 | E5: =MAX(laptopData!F2:F1272) -> 64 | F5: =_xlfn.STDEV.S(laptopData!F2:F1272) -> 5.5672728 | H5: High | I5: 43573.289 | K5: Android | L5: 29251
A6: Total_Storage_GB | B6: =AVERAGE(laptopData!H2:H1272) -> 612.653 | C6: =MEDIAN(laptopData!H2:H1273) -> 500 | D6: =MIN(laptopData!H2:H1272) -> 8 | E6: =MAX(laptopData!H2:H1272) -> 2512 | F6: =_xlfn.STDEV.S(laptopData!H2:H1272) -> 469.26988 | H6: Low | I6: 56023.756 | K6: Chrome OS | L6: 29495.481
A7: Weight_kg | B7: =AVERAGE(laptopData!L2:L1275) -> 2.0722003 | C7: =MEDIAN(laptopData!L2:L1275) -> 2.04 | D7: =MIN(laptopData!L2:L1275) -> 0.69 | E7: =MAX(laptopData!L2:L1275) -> 8.4 | F7: =_xlfn.STDEV.S(laptopData!L2:L1275) -> 0.76604203 | H7: Medium | I7: 64431.796 | K7: Linux | L7: 32919.934
H8: Very High | I8: 82964.26 | K8: macOS | L8: 83341
A9: Row Labels | B9: Average of Price | E9: Row Labels | F9: Average of Price | H9: Grand Total | I9: 59873.287 | K9: No OS | L9: 31893.413
A10: Acer | B10: 33395.078 | E10: 2 in 1 Convertible | F10: 68187.129 | K10: Windows 10 | L10: 62124.613
A11: Apple | B11: 83341 | E11: Gaming | F11: 92204.768 | K11: Windows 10 S | L11: 68544.125
A12: Asus | B12: 58700.181 | E12: Netbook | F12: 34885.333 | H12: Row Labels | I12: Average of Price | K12: Windows 7 | L12: 89865.267
A13: Chuwi | B13: 16746.333 | E13: Notebook | F13: 41515.465 | H13: Flash Storage | I13: 27429.847 | K13: Grand Total | L13: 59873.287
A14: Dell | B14: 63057.979 | E14: Ultrabook | F14: 83112.75 | H14: Flash Storage + HDD | I14: 106188
A15: Fujitsu | B15: 38575 | E15: Workstation | F15: 121255.11 | H15: HDD | I15: 34915.677
A16: Google | B16: 89386.333 | E16: Grand Total | F16: 59873.287 | H16: HDD + HDD | I16: 33111
A17: HP | B17: 57214.808 | H17: Hybrid | I17: 43196.9
A18: Huawei | B18: 75871 | H18: SSD | I18: 69856.361
A19: Lenovo | B19: 58072.914 | E19: Row Labels | F19: Average of Price | H19: SSD + HDD | I19: 86252.663
A20: LG | B20: 111835 | E20: 1 | F20: 53227 | H20: SSD + Hybrid | I20: 159574
A21: Mediacom | B21: 15718 | E21: 2 | F21: 14757.273 | H21: SSD + SSD | I21: 75711
A22: Microsoft | B22: 85904.167 | E22: 4 | F22: 30553.376 | H22: Grand Total | I22: 59873.287
A23: MSI | B23: 91815.038 | E23: 6 | F23: 32826.8
A24: Razer | B24: 178282.86 | E24: 8 | F24: 63075.386
A25: Samsung | B25: 75308.667 | E25: 12 | F25: 66037.64
A26: Toshiba | B26: 66747.851 | E26: 16 | F26: 103378.21
A27: Vero | B27: 11584.75 | E27: 24 | F27: 117554
A28: Xiaomi | B28: 60391.25 | E28: 32 | F28: 181849.59
A29: Grand Total | B29: 59873.287 | E29: 64 | F29: 117512
E30: Grand Total | F30: 59873.287
